Resid,Resname,PC1 %Contribution,PC2 %Contribution,PC3 %Contribution
30,R,0.408259414,0.533149748,0.577249823
31,A,0.28091686,0.408783725,0.575794567
32,C,0.218322126,0.604447387,0.400799629
33,A,0.335366197,0.239772152,0.577340609
34,N,0.36708316,0.421390173,0.552899366
35,T,0.334687752,0.288843929,0.501947171
36,Q,0.346441268,0.443531558,0.568010393
37,S,0.204513686,0.720736537,0.281111542
38,L,0.121953122,0.909957066,0.076416943
39,L,0.130892981,0.761115129,0.250598671
40,R,0.138896851,0.460117308,0.085681353
41,K,0.171209578,0.600124952,0.238950993
42,E,0.199595041,0.721017562,0.375984836
43,C,0.158839461,0.381558434,0.29266622
44,C,0.200657125,0.407911496,0.275138916
45,P,0.179866297,0.183772753,0.13145146
46,P,0.283282658,0.093462595,0.36272258
47,W,0.290455768,0.03117568,0.37378839
48,D,0.34432289,0.137593264,0.511381169
49,G,0.361786099,0.256144401,0.601905882
50,D,0.310376236,0.325365911,0.591882436
51,G,0.397525553,0.657784502,0.851105189
52,S,0.420792849,0.752638014,0.882258081
53,P,0.358590649,0.744343976,0.953375641
54,C,0.426305991,0.443118619,0.770771791
55,G,0.389210062,0.380779556,0.693608314
56,E,0.336013417,0.227558982,0.556674886
57,L,0.268016591,0.193725807,0.397608565
58,S,0.272199677,0.324410095,0.514980156
59,S,0.311479311,0.383484886,0.574018311
60,R,0.371947492,0.503858579,0.728115523
61,G,0.265860213,0.536028317,0.688013782
62,S,0.289153398,0.493578108,0.582648939
63,C,0.194148211,0.355802226,0.403135338
64,Q,0.207348699,0.308058587,0.346390912
65,N,0.254920434,0.291376052,0.367595628
66,I,0.264153331,0.195795787,0.294407843
67,L,0.251450937,0.291289651,0.224759195
68,L,0.244004765,0.354157827,0.144581387
69,S,0.218443092,0.459965491,0.142373923
70,Q,0.210714244,0.52171419,0.158724626
71,A,0.209640313,0.692351935,0.206181262
72,P,0.128299067,0.808909473,0.44008265
73,L,0.202276784,0.643232942,0.280984969
74,G,0.135851151,0.525512036,0.402227998
75,P,0.15943004,0.595359147,0.320250308
76,Q,0.216065883,0.750047506,0.326289092
77,F,0.2959557,0.828083135,0.536587687
78,P,0.401140107,0.802928271,0.435102146
79,F,0.272363923,1.32069799,0.986063321
80,S,0.31583162,0.699690183,0.76152624
81,G,0.610941297,0.739931346,0.926984387
82,V,0.514439802,0.702295781,0.697494679
83,D,0.34768957,0.580178687,0.555108266
84,D,0.163485687,0.529873772,0.467110393
85,R,0.157332129,0.441007872,0.322823388
86,E,0.118949254,0.259034783,0.193667918
87,D,0.067055008,0.147773569,0.169137125
88,W,0.050510166,0.099962148,0.200881337
89,P,0.073256823,0.213566593,0.217231604
90,S,0.213403613,0.342537483,0.568860756
91,V,0.054521411,0.229567319,0.146025142
92,F,0.202035269,0.571231681,0.311078944
93,Y,0.170932976,0.57052928,0.219933423
94,N,0.221174474,0.620888766,0.346950412
95,R,0.298792643,0.512693683,0.375903256
96,T,0.338178198,0.422628502,0.468459512
97,C,0.244439178,0.400363777,0.248589447
98,K,0.231697061,0.234341426,0.168782093
99,C,0.24089879,0.167278244,0.197777457
100,E,0.233440279,0.146790467,0.193160615
101,G,0.187714503,0.267317706,0.152588393
102,N,0.166531728,0.270226207,0.190832204
103,F,0.180365906,0.396860612,0.373577012
104,M,0.161042186,0.412931419,0.526976073
105,G,0.160321254,0.281877542,0.133879073
106,F,0.165385221,0.192233251,0.126752508
107,N,0.232760433,0.058494467,0.2025758
108,C,0.158504288,0.091567579,0.218663905
109,G,0.261389531,0.138782133,0.377091217
110,E,0.253890862,0.152837842,0.388295985
111,C,0.177725664,0.152509073,0.225105363
112,K,0.190526068,0.224267168,0.340138137
113,F,0.240525541,0.22008421,0.370388515
114,G,0.203672281,0.125516943,0.258078231
115,F,0.172833873,0.090867612,0.204652572
116,S,0.102183274,0.065387778,0.146897119
117,G,0.07402509,0.129348619,0.102955229
118,L,0.089052787,0.183852555,0.061861743
119,N,0.129842356,0.245604918,0.168233317
120,C,0.20564757,0.355247666,0.324191084
121,T,0.279642916,0.437235365,0.471953258
122,E,0.212359716,0.416243096,0.359476871
123,R,0.167209985,0.310130501,0.209271345
124,Q,0.134978605,0.369955802,0.248558039
125,L,0.114194344,0.296239723,0.233465917
126,R,0.059659842,0.183113444,0.168405989
127,T,0.056243793,0.169658578,0.166416707
128,R,0.082815611,0.094566591,0.133074774
129,R,0.113451318,0.076655928,0.187778485
130,N,0.078208511,0.078356535,0.124343165
131,I,0.087365521,0.055234752,0.1079587
132,F,0.088751489,0.072212219,0.097337165
133,Q,0.097911148,0.07136364,0.10503977
134,L,0.110458579,0.062383095,0.108100247
135,T,0.083823429,0.065469771,0.108893786
136,T,0.090818061,0.087766028,0.10923534
137,S,0.115159043,0.130789429,0.10702392
138,E,0.127499041,0.138776035,0.15231912
139,K,0.099550044,0.117259926,0.156915162
140,D,0.109779556,0.198809726,0.176796915
141,K,0.123314839,0.180303229,0.146099259
142,F,0.109174263,0.121057245,0.123517464
143,L,0.105159294,0.16726214,0.130164249
144,A,0.130232164,0.200583307,0.140396754
145,Y,0.135836569,0.131282157,0.127678153
146,L,0.114353282,0.099086377,0.109838196
147,N,0.117934756,0.166501787,0.121714769
148,L,0.149343513,0.160581444,0.150493528
149,A,0.151317382,0.075341887,0.127281848
150,K,0.116461904,0.125076515,0.120999807
151,N,0.131538262,0.156750524,0.160938577
152,T,0.153391297,0.09377647,0.16164053
153,P,0.139698051,0.09987357,0.149776589
154,S,0.148711082,0.139569988,0.18165552
155,Q,0.164145984,0.112455829,0.171223173
156,N,0.195999677,0.083005152,0.2803522
157,Y,0.16025517,0.115756648,0.30471829
158,V,0.236753932,0.162661565,0.519846518
159,I,0.167608839,0.311436869,0.357859161
160,A,0.191591711,0.157821758,0.425260413
161,T,0.286114132,0.180847067,0.548259638
162,G,0.333288848,0.396872078,0.550915781
163,T,0.355890681,0.600403273,0.516652159
164,Y,0.643030165,0.697925229,0.549589358
165,T,0.313431607,0.973104401,0.376182418
166,Q,0.204515143,1.214304099,0.35580146
167,M,0.214889324,1.212723628,0.352835995
168,N,0.207292531,1.518128671,0.389286388
169,N,0.210738959,1.426311652,0.390812464
170,G,0.179824417,1.285606582,0.337268897
171,S,0.213504765,1.482680302,0.373771698
172,N,0.248410214,1.272736415,0.418926882
173,P,0.207821208,1.120272192,0.394510807
174,M,0.195762571,1.308649915,0.375218407
175,F,0.11418985,1.319608502,0.281267992
176,R,0.173233957,0.976041756,0.285627827
177,N,0.597352741,0.974729114,0.345809092
178,I,0.408580337,0.523679421,0.50492728
179,N,0.157199856,0.335324414,0.374336119
180,V,0.241271528,0.181292024,0.432716195
181,Y,0.210630503,0.078124889,0.218677019
182,D,0.160231268,0.078911488,0.162927553
183,L,0.177771746,0.075281954,0.215552986
184,F,0.167919485,0.083760867,0.214440648
185,V,0.161185255,0.089427552,0.230107856
186,W,0.155736088,0.101784426,0.254010624
187,M,0.13550679,0.086356155,0.189573882
188,X,0.154960049,0.098951286,0.177827802
189,Y,0.13186701,0.087058279,0.189934541
190,Y,0.086339251,0.081138625,0.185289305
191,A,0.11022944,0.077346147,0.18394248
192,S,0.087604292,0.126024774,0.160375839
193,R,0.092149272,0.113876722,0.130365904
194,D,0.073229572,0.101354085,0.104892326
195,T,0.100522237,0.142131074,0.268165529
196,L,0.117564979,0.19964784,0.169001382
197,L,0.135453006,0.318598638,0.070038884
198,G,0.157191103,0.259498021,0.151251304
199,G,0.165625753,0.283019843,0.190435476
200,S,0.26260903,0.208347163,0.30556863
201,N,0.353146922,0.09656954,0.235278266
202,V,0.22323059,0.182305577,0.270365247
203,W,0.224798642,0.22710986,0.08044392
204,R,0.196362082,0.26163435,0.100971339
205,D,0.161791012,0.248531996,0.13983663
206,I,0.164027744,0.17931438,0.225875347
207,D,0.172668056,0.201262046,0.234526387
208,F,0.104520912,0.188309927,0.062266812
209,A,0.090398797,0.109235712,0.088203366
210,X,0.104092545,0.059759048,0.113404163
211,E,0.096048631,0.068310658,0.134878941
212,A,0.101354473,0.105573706,0.073414509
213,P,0.10514511,0.083815858,0.06359343
214,G,0.097464084,0.07721322,0.065038874
215,F,0.091582973,0.062643135,0.095795055
216,L,0.089652384,0.070315588,0.101664758
217,P,0.08518789,0.07143608,0.104259321
218,W,0.086172582,0.057134642,0.136833189
219,X,0.090208141,0.041360004,0.153084054
220,R,0.100291631,0.043906531,0.134108192
221,V,0.112885465,0.025567953,0.197944549
222,F,0.100016005,0.021325582,0.185466297
223,L,0.085329455,0.021586363,0.122805364
224,L,0.109902272,0.043401935,0.157899938
225,M,0.12944213,0.059446991,0.185244559
226,W,0.120798222,0.050398437,0.161327289
227,E,0.113981017,0.029957173,0.150611178
228,R,0.142465901,0.073943682,0.211205746
229,E,0.157533978,0.106671455,0.209865267
230,I,0.132116625,0.105593285,0.178897407
231,Q,0.15356458,0.102993901,0.212454168
232,K,0.195585872,0.236939506,0.245071734
233,I,0.214292822,0.311329267,0.235378022
234,T,0.221480049,0.268874948,0.213562833
235,G,0.217582195,0.21887126,0.267770036
236,D,0.184580482,0.025404975,0.267382007
237,E,0.156020363,0.100890888,0.259618152
238,N,0.142415012,0.090297536,0.216907803
239,F,0.131768914,0.025309048,0.162935652
240,T,0.111771896,0.034743801,0.144791212
241,I,0.102908331,0.008742863,0.111173213
242,P,0.097793655,0.044130561,0.102070174
243,Y,0.0962862,0.042278969,0.084990831
244,W,0.108786442,0.033158658,0.057237996
245,D,0.106062119,0.056041964,0.061294903
246,W,0.115476057,0.041346507,0.058669191
247,R,0.158613275,0.068054147,0.068919366
248,D,0.247505885,0.063592279,0.095276292
249,A,0.130165237,0.03152681,0.074443842
250,E,0.10942648,0.039034371,0.093228097
251,D,0.095564228,0.054361064,0.147862436
252,C,0.089950843,0.055988524,0.109608925
253,V,0.070385267,0.077735532,0.096263858
254,V,0.108157654,0.073646553,0.073853823
255,C,0.117832847,0.09364378,0.082794391
256,T,0.113877424,0.121365976,0.069356978
257,D,0.12016899,0.138352401,0.052453933
258,E,0.112151475,0.135249925,0.08556567
259,Y,0.105274545,0.098556675,0.059927737
260,M,0.110577482,0.078237427,0.062843718
261,G,0.11943236,0.111478818,0.068131223
262,G,0.111721055,0.151894425,0.094100527
263,R,0.181208673,0.14135609,0.14142318
264,H,0.227558998,0.172262147,0.159432642
265,P,0.279557755,0.243254196,0.150766745
266,T,0.37703695,0.132777309,0.037347793
267,N,0.330604058,0.133724337,0.090401748
268,P,0.311148547,0.170650821,0.170088092
269,N,0.195433889,0.134674285,0.130867686
270,L,0.191806107,0.148225395,0.129756384
271,L,0.175107243,0.146130319,0.10439404
272,S,0.201547488,0.168314364,0.105973162
273,P,0.217319049,0.151687441,0.155324739
274,A,0.20055041,0.156412453,0.136724251
275,S,0.167072157,0.093417488,0.137327402
276,F,0.159642922,0.142401823,0.151288951
277,F,0.13442932,0.122386113,0.11901062
278,S,0.15733686,0.136057819,0.127493933
279,S,0.188663078,0.137065882,0.16884924
280,W,0.153058859,0.107934373,0.149383521
281,Q,0.145346588,0.106196008,0.149260786
282,V,0.136248065,0.102271474,0.151448674
283,I,0.143005241,0.091210396,0.227458612
284,C,0.146428316,0.078908871,0.274839554
285,T,0.143296291,0.1280434,0.231299184
286,R,0.159309585,0.189639336,0.362581269
287,S,0.227827215,0.221751244,0.404248923
288,E,0.221508625,0.232648594,0.599367883
289,E,0.19415985,0.229964411,0.723466708
290,Y,0.165373488,0.173820916,0.65627568
291,N,0.205934505,0.27348945,0.655727952
292,S,0.268032847,0.377360981,0.887267591
293,Q,0.344223158,0.428459132,0.959428245
294,Q,0.372184806,0.565099365,0.772026405
295,A,0.340570187,0.417272982,0.802634912
296,L,0.307201054,0.227880706,0.616434053
297,C,0.220584028,0.180047407,0.358998315
298,N,0.35311933,0.318162902,0.224175397
299,A,0.182656705,0.358755617,0.467627702
300,T,0.088439736,0.375136899,0.445139201
301,S,0.101794355,0.352584387,0.373629445
302,E,0.089692334,0.146711597,0.414153848
303,G,0.163261621,0.138486572,0.191729303
304,P,0.152255842,0.144087841,0.147085671
305,I,0.139463055,0.1227181,0.08799084
306,L,0.153781105,0.128705252,0.123930486
307,R,0.119589444,0.110064679,0.144096498
308,N,0.172294504,0.102541007,0.161137783
309,P,0.117186355,0.107266383,0.165807964
310,G,0.126579581,0.116412225,0.169939764
311,N,0.352993936,0.12578776,0.175077601
312,N,2.276310206,0.065007804,0.397933143
313,D,3.427731655,0.117628921,0.621164472
314,K,3.43829247,0.441992651,1.245723805
315,S,4.730254236,0.363686084,0.86284038
316,R,4.69020017,0.101370182,1.024718658
317,T,3.077322928,0.12924383,0.688892304
318,P,1.375002144,0.214039782,0.379441335
319,R,0.987578258,0.114222244,0.268785254
320,L,0.288057855,0.056028581,0.066310835
321,P,0.179810281,0.093818738,0.065801777
322,S,0.209775756,0.098151187,0.062635188
323,S,0.190812359,0.10979495,0.070614006
324,A,0.181788976,0.140034294,0.083726693
325,E,0.181543203,0.136854193,0.065278635
326,V,0.167995581,0.132050231,0.055607196
327,E,0.181074839,0.148955109,0.065091113
328,F,0.188166649,0.156975477,0.062982763
329,C,0.156828395,0.140883942,0.033472647
330,L,0.16054623,0.137995521,0.038097888
331,S,0.182878198,0.150280475,0.054331163
332,L,0.182713309,0.141461745,0.065142074
333,T,0.19022566,0.140112664,0.09223079
334,Q,0.171562956,0.1166378,0.055647068
335,Y,0.13573186,0.103900351,0.051428996
336,E,0.165643504,0.110689881,0.048607457
337,S,0.252945618,0.153440376,0.066677957
338,G,0.257653122,0.166889576,0.058609212
339,P,0.229990388,0.157614653,0.053183739
340,M,0.075089185,0.094410968,0.053494137
341,D,0.10327525,0.098104417,0.078012752
342,K,0.132179274,0.108598969,0.107374502
343,M,0.131715831,0.136395553,0.073345378
344,A,0.16468946,0.13169396,0.034101146
345,N,0.188826662,0.149621801,0.053110034
346,Y,0.255445042,0.147765186,0.066782463
347,S,0.16883551,0.127995792,0.022892726
348,F,0.144218817,0.11766075,0.031349532
349,R,0.122502521,0.099427491,0.03450381
350,N,0.1329538,0.109886374,0.025329886
351,T,0.148437007,0.124393666,0.017057253
352,L,0.127791331,0.112386276,0.026622288
353,E,0.121770017,0.106108194,0.052386838
354,G,0.142879336,0.131919602,0.048710862
355,F,0.160528478,0.134500632,0.06774041
356,A,0.179347575,0.139971285,0.084577851
357,D,0.250465989,0.134390244,0.133498496
358,P,0.351716377,0.1154452,0.185333509
359,Q,0.357302529,0.150799812,0.211526251
360,T,0.313758226,0.173424149,0.15032314
361,A,0.27885414,0.144369096,0.098908882
362,I,0.228290432,0.152529679,0.10288508
363,S,0.216688274,0.124423385,0.110294291
364,N,0.349587855,0.252474412,0.297367868
365,I,0.597887966,1.282033945,0.594071983
366,S,0.575683019,0.899226933,0.421632373
367,Q,0.799926452,0.549704566,0.510468932
368,S,0.264074548,0.26662504,0.108274531
369,G,0.177959364,0.175690755,0.036031049
370,L,0.125642796,0.11579563,0.012458574
371,X,0.120654547,0.107998944,0.062812739
372,N,0.117285492,0.098307202,0.065654409
373,A,0.116220966,0.081486574,0.034917988
374,L,0.120428209,0.117514017,0.131260695
375,X,0.111069586,0.094333092,0.118952007
376,I,0.16868436,0.10187827,0.11484893
377,Y,0.161581063,0.096769661,0.157160573
378,M,0.170289636,0.099285119,0.139685266
379,N,0.12730319,0.147102172,0.165905048
380,G,0.174000761,0.128907164,0.113455889
381,S,0.168969893,0.119174831,0.097682174
382,M,0.140873663,0.071747724,0.187543375
383,S,0.09931484,0.09570297,0.188691264
384,Q,0.115177475,0.111296998,0.126567887
385,V,0.112934517,0.103864229,0.033802128
386,Q,0.115809556,0.088735515,0.075313311
387,G,0.103747786,0.076298393,0.082239876
388,S,0.123227928,0.08983922,0.139599954
389,A,0.098224019,0.073891429,0.116852704
390,N,0.097580773,0.062340368,0.108281053
391,D,0.09505828,0.055660942,0.072227772
392,P,0.102634057,0.035374918,0.079990585
393,I,0.101345417,0.01544874,0.082628234
394,F,0.092249988,0.021423779,0.064374686
395,V,0.086914198,0.038510139,0.06552135
396,L,0.089128826,0.037658463,0.07829076
397,H,0.092514033,0.049417018,0.062458461
398,X,0.093609075,0.056687316,0.057490806
399,A,0.090667119,0.046940819,0.076970157
400,F,0.098101747,0.059189087,0.06912703
401,V,0.110300445,0.078186445,0.052834086
402,D,0.10448803,0.077580632,0.074321031
403,S,0.097497145,0.08057984,0.097839118
404,I,0.113816969,0.09595341,0.088903036
405,F,0.129948523,0.108111238,0.087615113
406,E,0.124090604,0.10555093,0.122702088
407,R,0.125380928,0.121748884,0.135745255
408,W,0.148229159,0.139421836,0.128040778
409,L,0.164104445,0.126618586,0.134768578
410,R,0.154917809,0.121336783,0.157957785
411,R,0.160508134,0.146280189,0.154553637
412,H,0.168946559,0.156876123,0.181882837
413,R,0.160776617,0.130579972,0.176317206
414,P,0.154152121,0.143179443,0.164399949
415,M,0.127347483,0.130667468,0.131771894
416,L,0.120803596,0.096760588,0.115101122
417,E,0.117196726,0.076513076,0.110278552
418,V,0.114989516,0.076565938,0.142777727
419,Y,0.120182965,0.023612614,0.137027604
420,P,0.127449449,0.035542774,0.1040254
421,A,0.107541102,0.069783284,0.100926111
422,A,0.086595509,0.174195725,0.118295529
423,N,0.182976322,0.222281601,0.172670554
424,A,0.171217772,0.129370537,0.155344963
425,P,0.144956572,0.023492289,0.134991517
426,I,0.174936676,0.065929121,0.149702778
427,G,0.158034174,0.056307795,0.16291631
428,H,0.144395373,0.071396665,0.22929368
429,N,0.133584811,0.075224914,0.219013887
430,R,0.070930451,0.137579134,0.175817601
431,E,0.082990777,0.136212826,0.165525589
432,N,0.100124007,0.095901726,0.173546568
433,Y,0.069974836,0.213082749,0.185927112
434,M,0.077847028,0.242459742,0.269458755
435,V,0.096504249,0.270321667,0.32954695
436,P,0.167015024,0.271811031,0.260289369
437,F,0.168558833,0.204846798,0.229751282
438,I,0.10362789,0.111631615,0.137391536
439,P,0.147993084,0.072497112,0.184459578
440,L,0.170414765,0.074348826,0.153426396
441,Y,0.151049978,0.078535678,0.166138923
442,R,0.164964396,0.077998317,0.193946644
443,N,0.12012711,0.061469045,0.138907924
444,G,0.129057497,0.072987798,0.110536971
445,E,0.111540089,0.059488711,0.117876916
446,F,0.101518785,0.081611781,0.126378546
447,F,0.087280625,0.074533688,0.147764846
448,K,0.084567174,0.084125812,0.161655163
449,S,0.095057372,0.075368064,0.176665457
450,S,0.08791209,0.043103991,0.178153193
451,R,0.074078519,0.060057022,0.208092519
452,E,0.079433139,0.064538482,0.161300307
453,L,0.079411669,0.08123226,0.133387697
454,G,0.090505901,0.08148533,0.1082423
455,Y,0.095621541,0.108607454,0.113256059
456,D,0.10499994,0.147050967,0.098428984
457,Y,0.108813419,0.108209923,0.109839173
458,E,0.352885839,0.136359613,0.20177309
459,Y,0.452903556,0.275818078,0.178780641
,L,,,
,Q,100,,
,E,,,